Last Name,First Name,Position,G,A,HT,Salary,Points,PPM,Injured?,,,refNum
Kopitar,Anze,C,12,40,0," $14,000,000.00 ",64,4.57142857142857,No,No,Kerdiles,001
Kane,Patrick,RW/C,34,55,1," $13,800,000.00 ",124,8.98550724637681,No,No,Lindholm,002
Toews,Jonathan,C,21,37,1," $13,800,000.00 ",80,5.79710144927536,No,No,Kesler,003
O'Reilly,Ryan,C/LW/RW,20,35,0," $11,000,000.00 ",75,6.81818181818182,No,No,Vatanen,004
Crosby,Sidney,C,44,45,1," $10,900,000.00 ",134,12.2935779816514,No,No,Coyotes,005
Ovechkin,Alex,LW/RW,33,36,1," $10,000,000.00 ",103,10.3,No,No,Chychrun,006
Voracek,Jakub,RW,20,41,0," $10,000,000.00 ",81,8.1,No,No,Bolland,007
Perry,Corey,RW,19,34,0," $10,000,000.00 ",72,7.2,No,No,Bruins,008
Malkin,Evgeni,C/RW,33,39,1," $9,500,000.00 ",106,11.1578947368421,No,No,Beleskey,009
Stamkos,Steven,C,9,11,0," $9,500,000.00 ",29,3.05263157894737,No,No,Forsbacka-Karlsson,010
Getzlaf,Ryan,C,15,58,0," $9,250,000.00 ",88,9.51351351351351,No,No,Cehlarik,011
Kessel,Phil,RW/C,23,47,0," $9,000,000.00 ",93,10.3333333333333,Yes,No,Krug,012
Giroux,Claude,C/RW,14,44,0," $9,000,000.00 ",72,8,No,No,Sabres,013
Parise,Zach,LW,19,23,0," $9,000,000.00 ",61,6.77777777777778,No,Yes,Malone,014
Bergeron,Patrice,C,21,32,0," $8,750,000.00 ",74,8.45714285714286,No,No,Nylander,015
Tarasenko,Vladimir,RW,39,36,1," $8,000,000.00 ",115,14.375,No,No,Flames,016
Lucic,Milan,LW,23,27,1," $8,000,000.00 ",74,9.25,No,No,Tkachuk,017
Stepan,Derek,C,17,38,0," $8,000,000.00 ",72,9,No,No,Hurricanes,018
Byfuglien,Dustin,D/RW,13,39,0," $8,000,000.00 ",65,8.125,No,No,Darling,019
Okposo,Kyle,RW,19,26,0," $8,000,000.00 ",64,8,No,No,Stempniak,020
Nash,Rick,RW/LW,23,15,0," $8,000,000.00 ",61,7.625,No,No,Blackhawks,021
Backes,David,RW/C,17,21,0," $8,000,000.00 ",55,6.875,No,No,Hossa,022
Ladd,Andrew,LW,23,8,0," $8,000,000.00 ",54,6.75,No,No,Rozsival,023
Eriksson,Loui,LW/C,11,13,0," $8,000,000.00 ",35,4.375,No,No,Blue,024
Kesler,Ryan,C/RW,22,36,1," $7,875,000.00 ",81,10.2857142857143,No,Yes,Jenner,025
Zetterberg,Henrik,LW/C,17,51,0," $7,500,000.00 ",85,11.3333333333333,No,No,Dubinsky,026
Spezza,Jason,C,15,35,0," $7,500,000.00 ",65,8.66666666666667,No,No,Avalanche,027
Krejci,David,C,23,31,0," $7,250,000.00 ",77,10.6206896551724,No,No,Jost,028
Backstrom,Nicklas,C,23,63,0," $7,000,000.00 ",109,15.5714285714286,No,No,Stars,029
Carter,Jeff,C/RW,32,34,0," $7,000,000.00 ",98,14,No,No,Hanzal,030
Sedin,Henrik,C,15,35,0," $7,000,000.00 ",65,9.28571428571429,Yes,No,Red,031
Sedin,Daniel,LW,15,29,0," $7,000,000.00 ",59,8.42857142857143,No,No,Abdelkader,032
Stastny,Paul,C,18,22,0," $7,000,000.00 ",58,8.28571428571429,No,No,Kronwall,033
Brown,Dustin,RW/LW,14,22,0," $7,000,000.00 ",50,7.14285714285714,No,No,Sproul,034
Plekanec,Tomas,C,10,18,0," $7,000,000.00 ",38,5.42857142857143,Yes,No,Franzen,035
Ryan,Bobby,RW/LW,13,12,0," $7,000,000.00 ",38,5.42857142857143,No,No,Panthers,036
Gaudreau,Johnny,LW,18,43,0," $6,750,000.00 ",79,11.7037037037037,No,No,Trocheck,037
Thornton,Joe,C,7,43,0," $6,750,000.00 ",57,8.44444444444444,No,No,Angeles,038
Monahan,Sean,C,27,31,0," $6,500,000.00 ",85,13.0769230769231,No,No,Gaborik,039
Marleau,Patrick,LW/C,27,19,1," $6,500,000.00 ",74,11.3846153846154,No,No,Wild,040
Steen,Alex,LW/C,16,35,0," $6,500,000.00 ",67,10.3076923076923,No,Yes,Parise,041
Zajac,Travis,C,14,31,1," $6,500,000.00 ",60,9.23076923076923,No,Yes,Canadiens,042
Callahan,Ryan,RW,2,2,0," $6,500,000.00 ",6,0.923076923076923,No,No,Shaw,043
Pominville,Jason,RW,13,34,0," $6,250,000.00 ",60,9.6,No,No,Juulsen,044
Gaborik,Marian,RW,10,11,0," $6,075,000.00 ",31,5.10288065843621,No,Yes,Schlemko,045
Skinner,Jeff,LW/C/RW,37,26,0," $6,000,000.00 ",100,16.6666666666667,No,No,Predators,046
Seguin,Tyler,C/RW,26,46,0," $6,000,000.00 ",98,16.3333333333333,No,No,Ellis,047
Pavelski,Joe,C/RW,29,39,0," $6,000,000.00 ",97,16.1666666666667,No,No,Jersey,048
Tavares,John,C,28,38,1," $6,000,000.00 ",95,15.8333333333333,No,No,Boyle,049
Forsberg,Filip,LW/C/RW,31,27,1," $6,000,000.00 ",90,15,No,No,Zajac,050
Schenn,Brayden,C/LW,25,30,1," $6,000,000.00 ",81,13.5,No,No,York,051
Couture,Logan,C/LW,25,27,0," $6,000,000.00 ",77,12.8333333333333,No,No,Quine,052
Johansen,Ryan,C/RW,14,47,0," $6,000,000.00 ",75,12.5,No,No,York,053
Hall,Taylor,LW/C,20,33,0," $6,000,000.00 ",73,12.1666666666667,No,No,Fast,054
Eberle,Jordan,RW/C,20,31,1," $6,000,000.00 ",72,12,No,No,Senators,055
Kane,Evander,LW,28,15,1," $6,000,000.00 ",72,12,No,No,White,056
Nugent-Hopkins,Ryan,C,18,25,0," $6,000,000.00 ",61,10.1666666666667,No,No,Dzingel,057
Staal,Jordan,C/LW,16,29,0," $6,000,000.00 ",61,10.1666666666667,No,No,MacArthur,058
Duchene,Matt,C/LW,18,23,0," $6,000,000.00 ",59,9.83333333333333,No,No,Brassard,059
Nielsen,Frans,C,17,24,0," $6,000,000.00 ",58,9.66666666666667,No,No,Karlsson,060
Dubinsky,Brandon,C/LW,12,29,0," $5,850,000.00 ",53,9.05982905982906,No,Yes,Flyers,061
Wheeler,Blake,RW,26,48,0," $5,800,000.00 ",100,17.2413793103448,No,No,Stolarz,062
Burns,Brent,D/RW,29,47,0," $5,760,000.00 ",105,18.2291666666667,No,No,Penguins,063
Benn,Jamie,LW,26,43,0," $5,750,000.00 ",95,16.5217391304348,No,No,Hornqvist,064
Saad,Brandon,LW/RW,24,29,0," $5,750,000.00 ",77,13.3913043478261,No,No,Louis,065
Radulov,Alex,RW,18,36,0," $5,750,000.00 ",72,12.5217391304348,No,No,Steen,066
Anisimov,Artem,C/LW,22,23,0," $5,750,000.00 ",67,11.6521739130435,No,No,Bouwmeester,067
Foligno,Nick,LW/RW,26,25,0," $5,500,000.00 ",77,14,No,No,Sanford,068
Landeskog,Gabriel,LW,18,15,0," $5,500,000.00 ",51,9.27272727272727,No,No,Berglund,069
Shaw,Andrew,C/LW/RW,12,17,0," $5,500,000.00 ",41,7.45454545454545,No,Yes,Bay,070
Abdelkader,Justin,LW/RW,7,14,0," $5,500,000.00 ",28,5.09090909090909,No,Yes,Stralman,071
Koivu,Mikko,C,18,40,0," $5,400,000.00 ",76,14.0740740740741,No,No,Maple,072
Schwartz,Jaden,LW/C,19,36,0," $5,250,000.00 ",74,14.0952380952381,No,No,Lupul,073
Boedker,Mikkel,LW/RW,10,16,1," $5,200,000.00 ",37,7.11538461538462,Yes,No,Horton,074
Marchand,Brad,LW/C,39,46,1," $5,000,000.00 ",125,25,No,No,Canucks,075
Scheifele,Mark,C,32,50,0," $5,000,000.00 ",114,22.8,No,No,Gaunce,076
Pacioretty,Max,LW,35,32,1," $5,000,000.00 ",103,20.6,No,No,Golden,077
Kadri,Nazem,C,32,29,0," $5,000,000.00 ",93,18.6,No,No,Neal,078
van Riemsdyk,James,LW,29,33,0," $5,000,000.00 ",91,18.2,No,No,Clarkson,079
Kreider,Chris,LW/C,28,25,1," $5,000,000.00 ",82,16.4,No,No,Grabovski,080
MacKinnon,Nathan,C/RW,16,37,0," $5,000,000.00 ",69,13.8,No,No,,081
Little,Bryan,C/RW,21,26,0," $5,000,000.00 ",68,13.6,No,No,,082
Neal,James,RW/LW,23,18,0," $5,000,000.00 ",64,12.8,No,Yes,,083
Frolik,Michael,RW/C,17,27,0," $5,000,000.00 ",61,12.2,No,No,,084
Filppula,Valtteri,C/LW,12,30,0," $5,000,000.00 ",54,10.8,No,No,,085
Brassard,Derick,C,14,25,0," $5,000,000.00 ",53,10.6,No,Yes,,086
Hartnell,Scott,LW,13,24,1," $5,000,000.00 ",51,10.2,No,No,,087
Moulson,Matt,LW,14,18,0," $5,000,000.00 ",46,9.2,No,No,,088
Cammalleri,Mike,LW/C,10,21,1," $5,000,000.00 ",42,8.4,No,No,,089
Iginla,Jarome,RW,14,13,0," $5,000,000.00 ",41,8.2,No,No,,090
Sharp,Patrick,LW/RW/C,8,10,0," $5,000,000.00 ",26,5.2,No,No,,091
Helm,Darren,C,8,9,0," $5,000,000.00 ",25,5,No,No,,092
Hornqvist,Patric,RW,21,23,0," $4,750,000.00 ",65,13.6842105263158,No,Yes,,093
Soderberg,Carl,C/LW,6,8,0," $4,750,000.00 ",20,4.21052631578947,No,No,,094
Oshie,T.J.,RW/C,33,23,1," $4,500,000.00 ",90,20,No,No,,095
Palmieri,Kyle,RW/C/LW,26,27,0," $4,500,000.00 ",79,17.5555555555556,No,No,,096
Zuccarello,Mats,RW/C/LW,15,44,0," $4,500,000.00 ",74,16.4444444444444,No,No,,097
Barkov,Aleksander,C,21,31,0," $4,500,000.00 ",73,16.2222222222222,No,No,,098
Bozak,Tyler,C,18,37,0," $4,500,000.00 ",73,16.2222222222222,Yes,No,,099
Henrique,Adam,C,20,20,0," $4,500,000.00 ",60,13.3333333333333,No,No,,100
Gallagher,Brendan,RW,10,19,0," $4,500,000.00 ",39,8.66666666666667,No,No,,101
Brouwer,Troy,RW,13,12,0," $4,500,000.00 ",38,8.44444444444444,No,No,,102
MacArthur,Clarke,LW,0,0,0," $4,500,000.00 ",0,0,No,Yes,,103
Killorn,Alex,LW/C,19,17,0," $4,450,000.00 ",55,12.3595505617978,No,No,,104
Lehtera,Jori,C,7,15,0," $4,400,000.00 ",29,6.59090909090909,No,No,,105
Stafford,Drew,RW/LW,8,13,0," $4,350,000.00 ",29,6.66666666666667,No,No,,106
Simmonds,Wayne,RW/LW,31,23,0," $4,300,000.00 ",85,19.7674418604651,No,No,,107
Kucherov,Nikita,RW,40,45,1," $4,250,000.00 ",126,29.6470588235294,No,No,,108
Johansson,Marcus,LW/C/RW,24,34,0," $4,250,000.00 ",82,19.2941176470588,No,No,,109
Nyquist,Gustav,RW/C/LW,12,36,0," $4,250,000.00 ",60,14.1176470588235,No,No,,110
Sutter,Brandon,C,17,17,0," $4,250,000.00 ",51,12,No,No,,111
Eller,Lars,C/LW/RW,12,13,0," $4,250,000.00 ",37,8.70588235294118,No,No,,112
Kulemin,Nikolay,LW/RW,12,11,0," $4,250,000.00 ",35,8.23529411764706,No,No,,113
Turris,Kyle,C,27,28,0," $4,000,000.00 ",82,20.5,No,No,,114
Hossa,Marian,RW,26,19,0," $4,000,000.00 ",71,17.75,No,Yes,,115
Palat,Ondrej,LW,17,35,0," $4,000,000.00 ",69,17.25,No,No,,116
Johnson,Tyler,C,19,26,0," $4,000,000.00 ",64,16,No,No,,117
Jagr,Jaromir,RW,16,30,0," $4,000,000.00 ",62,15.5,No,No,,118
Rask,Victor,C,16,29,0," $4,000,000.00 ",61,15.25,No,No,,119
Fisher,Mike,C,18,24,0," $4,000,000.00 ",60,15,No,No,,120
Wilson,Colin,LW/C,12,23,0," $4,000,000.00 ",47,11.75,No,No,,121
Smith,Craig,RW/LW/C,12,17,0," $4,000,000.00 ",41,10.25,No,No,,122
Jokinen,Jussi,LW/RW/C,11,17,0," $4,000,000.00 ",39,9.75,No,No,,123
Huberdeau,Jonathan,LW/C,10,16,0," $4,000,000.00 ",36,9,Yes,No,,124
Read,Matt,RW/LW,10,9,0," $4,000,000.00 ",29,7.25,No,No,,125
Pouliot,Benoit,LW,8,6,0," $4,000,000.00 ",22,5.5,No,No,,126
Beleskey,Matt,LW,3,5,0," $4,000,000.00 ",11,2.75,No,Yes,,127
Hemsky,Ales,RW,4,3,0," $4,000,000.00 ",11,2.75,No,No,,128
Michalek,Milan,LW/RW,1,1,0," $4,000,000.00 ",3,0.75,No,No,,129
Toffoli,Tyler,C/RW/LW,16,18,0," $3,900,000.00 ",50,12.8205128205128,No,No,,130
Doan,Shane,RW/LW,6,21,0," $3,876,134.00 ",33,8.51363755742191,No,No,,131
Eakin,Cody,C,3,9,0," $3,850,000.00 ",15,3.8961038961039,No,No,,132
Hoffman,Mike,LW/C,26,35,1," $3,800,000.00 ",88,23.1578947368421,No,No,,133
Rakell,Rickard,C/RW,33,18,0," $3,800,000.00 ",84,22.1052631578947,No,No,,134
Trocheck,Vincent,C/RW,23,31,0," $3,750,000.00 ",77,20.5333333333333,No,Yes,,135
Stone,Mark,RW,22,32,0," $3,750,000.00 ",76,20.2666666666667,No,No,,136
Perron,David,LW/RW,18,28,1," $3,750,000.00 ",65,17.3333333333333,No,No,,137
Couturier,Sean,C,14,20,0," $3,750,000.00 ",48,12.8,No,No,,138
Bailey,Josh,RW/LW/C,13,43,0," $3,700,000.00 ",69,18.6486486486487,No,No,,139
Berglund,Patrik,C/LW,23,11,1," $3,700,000.00 ",58,15.6756756756757,No,Yes,,140
Hagelin,Carl,LW,6,16,0," $3,667,000.00 ",28,7.63566948459231,No,No,,141
Ennis,Tyler,LW/C/RW,5,8,0," $3,650,000.00 ",18,4.93150684931507,Yes,No,,142
Backlund,Mikael,C,22,31,0," $3,575,000.00 ",75,20.979020979021,No,No,,143
Kunitz,Chris,LW,9,20,0," $3,550,000.00 ",38,10.7042253521127,No,No,,144
Atkinson,Cam,RW,35,27,0," $3,500,000.00 ",97,27.7142857142857,No,No,,145
Staal,Eric,C,28,37,0," $3,500,000.00 ",93,26.5714285714286,No,No,,146
Lee,Anders,LW/C,34,18,0," $3,500,000.00 ",86,24.5714285714286,No,No,,147
Niederreiter,Nino,RW,25,32,0," $3,500,000.00 ",82,23.4285714285714,No,No,,148
Hanzal,Martin,C,20,19,0," $3,500,000.00 ",59,16.8571428571429,No,Yes,,149
Smith,Reilly,RW/C/LW,15,22,0," $3,500,000.00 ",52,14.8571428571429,No,No,,150
Ribeiro,Mike,C,4,21,0," $3,500,000.00 ",29,8.28571428571429,No,No,,151
Clutterbuck,Cal,RW,5,15,0," $3,500,000.00 ",25,7.14285714285714,No,No,,152
Desharnais,David,C,6,8,0," $3,500,000.00 ",20,5.71428571428571,No,No,,153
Martin,Matt,LW/RW,5,4,0," $3,500,000.00 ",14,4,No,No,,154
Kruger,Marcus,C,5,12,0," $3,475,000.00 ",22,6.33093525179856,No,No,,155
Kuznetsov,Evgeny,C/LW,19,40,0," $3,400,000.00 ",78,22.9411764705882,No,No,,156
Bjugstad,Nick,C,7,7,0," $3,350,000.00 ",21,6.26865671641791,Yes,No,,157
Ward,Joel,RW/C,10,19,0," $3,275,000.00 ",39,11.9083969465649,Yes,No,,158
Williams,Justin,RW,24,24,0," $3,250,000.00 ",72,22.1538461538462,No,No,,159
Zibanejad,Mika,C/RW,14,23,0," $3,250,000.00 ",51,15.6923076923077,No,No,,160
Gionta,Brian,RW,15,20,0," $3,250,000.00 ",50,15.3846153846154,No,No,,161
Granlund,Mikael,C,26,43,1," $3,200,000.00 ",96,30,No,No,,162
Galchenyuk,Alex,C/LW,17,27,0," $3,100,000.00 ",61,19.6774193548387,No,No,,163
Cogliano,Andrew,LW/C/RW,16,19,0," $3,100,000.00 ",51,16.4516129032258,No,No,,164
Silfverberg,Jakob,RW/LW,23,26,0," $3,000,000.00 ",72,24,No,No,,165
Perreault,Mathieu,C/LW,13,32,0," $3,000,000.00 ",58,19.3333333333333,No,No,,166
Burrows,Alex,LW/RW,15,16,0," $3,000,000.00 ",46,15.3333333333333,No,No,,167
Stajan,Matt,C,6,17,0," $3,000,000.00 ",29,9.66666666666667,No,No,,168
Hansen,Jannik,RW,8,12,0," $3,000,000.00 ",28,9.33333333333333,No,No,,169
McGinn,Jamie,LW/RW,9,8,0," $3,000,000.00 ",26,8.66666666666667,No,No,,170
Komarov,Leo,C/LW,14,18,0," $2,950,000.00 ",46,15.593220338983,No,No,,171
Jenner,Boone,C/LW,18,16,0," $2,900,000.00 ",52,17.9310344827586,No,Yes,,172
Hertl,Tomas,C/RW,10,12,0," $2,800,000.00 ",32,11.4285714285714,Yes,No,,173
Miller,J.T.,LW/RW/C,22,34,0," $2,750,000.00 ",78,28.3636363636364,No,No,,174
Tatar,Tomas,LW/C/RW,25,21,1," $2,750,000.00 ",72,26.1818181818182,No,No,,175
Weise,Dale,RW,8,7,0," $2,750,000.00 ",23,8.36363636363636,No,No,,176
Sobotka,Vladimir,LW/C,1,0,0," $2,725,000.00 ",2,0.73394495412844,No,No,,177
Coyle,Charlie,C/RW,18,38,0," $2,600,000.00 ",74,28.4615384615385,No,No,,178
Hayes,Kevin,C/RW,17,32,0," $2,600,000.00 ",66,25.3846153846154,No,No,,179
Vanek,Thomas,LW/RW,17,31,0," $2,600,000.00 ",65,25,No,No,,180
Wingels,Tommy,C/RW/LW,7,5,0," $2,600,000.00 ",19,7.30769230769231,No,No,,181
Nelson,Brock,C/LW,20,25,0," $2,500,000.00 ",65,26,No,No,,182
Lindholm,Elias,C/RW,11,34,0," $2,500,000.00 ",56,22.4,No,Yes,,183
Stempniak,Lee,RW,16,24,0," $2,500,000.00 ",56,22.4,Yes,Yes,,184
Cizikas,Casey,C,8,17,0," $2,500,000.00 ",33,13.2,No,No,,185
Colborne,Joe,C/LW/RW,4,4,1," $2,500,000.00 ",13,5.2,No,No,,186
Yakupov,Nail,RW/LW,3,6,0," $2,500,000.00 ",12,4.8,No,No,,187
Dorsett,Derek,RW,1,3,0," $2,500,000.00 ",5,2,No,No,,188
Comeau,Blake,LW/RW,8,12,0," $2,400,000.00 ",28,11.6666666666667,No,No,,189
Smith,Zack,C,16,16,0," $2,350,000.00 ",48,20.4255319148936,Yes,No,,190
Raffl,Michael,LW/C,8,3,0," $2,350,000.00 ",19,8.08510638297872,No,No,,191
Hayes,Jimmy,RW,2,3,0," $2,300,000.00 ",7,3.04347826086957,No,No,,192
Foligno,Marcus,LW,13,10,0," $2,250,000.00 ",36,16,No,No,,193
Richardson,Brad,RW/C,5,4,0," $2,250,000.00 ",14,6.22222222222222,No,No,,194
Roussel,Antoine,LW,12,15,1," $2,200,000.00 ",40,18.1818181818182,No,No,,195
Calvert,Matt,LW,10,5,0," $2,200,000.00 ",25,11.3636363636364,No,No,,196
Bouma,Lance,C/LW/RW,3,4,0," $2,200,000.00 ",10,4.54545454545455,No,No,,197
Matthias,Shawn,LW/C,8,4,0," $2,125,000.00 ",20,9.41176470588235,No,No,,198
Bonino,Nick,C,18,19,1," $2,100,000.00 ",56,26.6666666666667,No,No,,199
King,Dwight,LW/RW,9,7,0," $2,100,000.00 ",25,11.9047619047619,No,No,,200
Sheahan,Riley,C,2,11,0," $2,075,000.00 ",15,7.2289156626506,No,No,,201
Maroon,Patrick,LW,27,15,1," $2,000,000.00 ",70,35,No,No,,202
Zucker,Jason,LW/RW,22,25,0," $2,000,000.00 ",69,34.5,Yes,No,,203
Chimera,Jason,LW/RW,20,13,0," $2,000,000.00 ",53,26.5,No,No,,204
Rieder,Tobias,RW/C,16,18,0," $2,000,000.00 ",50,25,Yes,No,,205
Strome,Ryan,RW/C,13,17,0," $2,000,000.00 ",43,21.5,No,No,,206
Boyle,Brian,C/LW,13,12,0," $2,000,000.00 ",38,19,No,Yes,,207
Lewis,Trevor,C/RW/LW,12,12,0," $2,000,000.00 ",36,18,Yes,No,,208
Fehr,Eric,C/RW,6,5,0," $2,000,000.00 ",17,8.5,No,No,,209
Hudler,Jiri,RW/LW,3,8,0," $2,000,000.00 ",14,7,No,No,,210
Garbutt,Ryan,C/LW,2,1,0," $2,000,000.00 ",5,2.5,No,No,,211
Namestnikov,Vladislav,C/LW,10,18,0," $1,900,000.00 ",38,20,No,No,,212
Mitchell,John,C,3,4,0," $1,900,000.00 ",10,5.26315789473684,No,No,,213
Karlsson,Melker,C/RW,11,11,0," $1,850,000.00 ",33,17.8378378378378,No,Yes,,214
Hendricks,Matt,LW/C,4,3,0," $1,850,000.00 ",11,5.94594594594595,No,No,,215
Letestu,Mark,C/RW,16,19,0," $1,800,000.00 ",51,28.3333333333333,Yes,No,,216
Winnik,Daniel,LW/C,12,13,0," $1,800,000.00 ",37,20.5555555555556,No,No,,217
Beagle,Jay,C/RW,13,17,0," $1,750,000.00 ",43,24.5714285714286,No,No,,218
Vermette,Antoine,C/LW,9,19,0," $1,750,000.00 ",37,21.1428571428571,No,No,,219
Wilson,Tom,RW,7,12,0," $1,750,000.00 ",26,14.8571428571429,No,No,,220
Baertschi,Sven,LW,18,17,0," $1,700,000.00 ",53,31.1764705882353,No,No,,221
Jarnkrok,Calle,C,15,16,0," $1,700,000.00 ",46,27.0588235294118,No,No,,222
Thompson,Nate,C,1,1,0," $1,700,000.00 ",3,1.76470588235294,No,No,,223
Grabner,Michael,RW,27,13,1," $1,650,000.00 ",68,41.2121212121212,No,No,,224
Burmistrov,Alex,C/RW,5,11,0," $1,600,000.00 ",21,13.125,No,No,,225
Purcell,Teddy,LW/RW,0,2,0," $1,600,000.00 ",2,1.25,No,No,,226
Pearson,Tanner,LW,24,20,0," $1,550,000.00 ",68,43.8709677419355,No,No,,227
Kassian,Zack,RW,7,17,0," $1,500,000.00 ",31,20.6666666666667,No,No,,228
Stalberg,Viktor,LW/RW,11,5,0," $1,500,000.00 ",27,18,No,No,,229
Neil,Chris,RW,1,3,0," $1,500,000.00 ",5,3.33333333333333,No,No,,230
Byron,Paul,LW/C/RW,22,21,0," $1,300,000.00 ",65,50,No,No,,231
Grigorenko,Mikhail,C,10,13,0," $1,300,000.00 ",33,25.3846153846154,No,No,,232
Mitchell,Torrey,C/RW,8,9,0," $1,300,000.00 ",25,19.2307692307692,No,No,,233
MacKenzie,Derek,C/LW,6,10,0," $1,300,000.00 ",22,16.9230769230769,Yes,No,,234
Holland,Peter,C,5,7,0," $1,300,000.00 ",17,13.0769230769231,No,No,,235
Parenteau,PA,RW,13,15,0," $1,250,000.00 ",41,32.8,No,No,,236
Nordstrom,Joakim,LW/C,7,5,0," $1,250,000.00 ",19,15.2,No,No,,237
Clifford,Kyle,LW/C,6,6,0," $1,250,000.00 ",18,14.4,No,No,,238
Smith-Pelly,Devante,RW/C/LW,4,5,0," $1,250,000.00 ",13,10.4,No,No,,239
McLeod,Cody,LW/RW,5,1,0," $1,250,000.00 ",11,8.8,No,No,,240
Brown,J.T.,RW,3,3,0," $1,250,000.00 ",9,7.2,No,No,,241
Fiddler,Vernon,C/LW,2,2,0," $1,250,000.00 ",6,4.8,No,No,,242
Condra,Erik,RW,0,0,0," $1,250,000.00 ",0,0,No,No,,243
Stewart,Chris,RW/LW,13,8,0," $1,200,000.00 ",34,28.3333333333333,No,No,,244
Thorburn,Chris,RW/LW,3,1,0," $1,200,000.00 ",7,5.83333333333333,No,No,,245
Girgensons,Zemgus,C/LW,7,9,0," $1,150,000.00 ",23,20,No,No,,246
Reaves,Ryan,RW,7,6,0," $1,125,000.00 ",20,17.7777777777778,No,No,,247
Spooner,Ryan,C/LW,12,28,0," $1,100,000.00 ",52,47.2727272727273,No,No,,248
Pageau,Jean-Gabriel,C,12,21,1," $1,100,000.00 ",46,41.8181818181818,No,No,,249
Pirri,Brandon,RW/LW/C,8,10,0," $1,100,000.00 ",26,23.6363636363636,No,No,,250
McClement,Jay,C,5,3,0," $1,100,000.00 ",13,11.8181818181818,No,No,,251
Josefson,Jacob,C/LW,1,9,0," $1,100,000.00 ",11,10,No,No,,252
Haula,Erik,C/LW,15,11,0," $1,050,000.00 ",41,39.047619047619,No,No,,253
Lander,Anton,C/LW/RW,1,3,0," $1,050,000.00 ",5,4.76190476190476,No,No,,254
Miller,Drew,LW/RW,5,2,0," $1,025,000.00 ",12,11.7073170731707,No,No,,255
Eaves,Patrick,RW/LW,32,19,0," $1,000,000.00 ",83,83,No,No,,256
Vrbata,Radim,RW,20,35,0," $1,000,000.00 ",75,75,No,No,,257
Cullen,Matt,C/LW,13,18,0," $1,000,000.00 ",44,44,No,No,,258
Lowry,Adam,C/LW,15,14,0," $1,000,000.00 ",44,44,Yes,No,,259
Karlsson,William,C,6,19,0," $1,000,000.00 ",31,31,Yes,Yes,,260
Korpikoski,Lauri,LW/RW,8,12,0," $1,000,000.00 ",28,28,No,No,,261
Fast,Jesper,RW/LW,6,15,0," $1,000,000.00 ",27,27,No,Yes,,262
White,Ryan,C,9,7,0," $1,000,000.00 ",25,25,No,Yes,,263
Brodziak,Kyle,C,8,7,0," $1,000,000.00 ",23,23,No,No,,264
Jaskin,Dmitrij,RW/LW,1,10,0," $1,000,000.00 ",12,12,No,No,,265
Nolan,Jordan,C/LW/RW,4,4,0," $1,000,000.00 ",12,12,No,No,,266
Glass,Tanner,LW,1,1,0," $1,000,000.00 ",3,3,No,No,,267
Versteeg,Kris,RW/LW,15,22,0," $950,000.00 ",52,54.7368421052632,No,No,,268
Sceviour,Colton,C/RW,9,15,1," $950,000.00 ",34,35.7894736842105,No,No,,269
Larsson,Johan,C/LW,6,5,0," $950,000.00 ",17,17.8947368421053,No,No,,270
Flynn,Brian,C/RW,6,4,0," $950,000.00 ",16,16.8421052631579,No,No,,271
Nestrasil,Andrej,C/RW/LW,1,4,0," $950,000.00 ",6,6.31578947368421,No,No,,272
Gordon,Boyd,C/RW,1,0,0," $950,000.00 ",2,2.10526315789474,No,No,,273
Jurco,Tomas,LW/RW,1,0,0," $950,000.00 ",2,2.10526315789474,Yes,No,,274
Rodin,Anton,RW,0,1,0," $950,000.00 ",1,1.05263157894737,No,No,,275
McDavid,Connor,C,30,70,1," $925,000.00 ",131,141.621621621622,No,No,,276
Matthews,Auston,C,40,29,1," $925,000.00 ",110,118.918918918919,No,No,,277
Draisaitl,Leon,C,29,48,1," $925,000.00 ",107,115.675675675676,No,No,,278
Panarin,Artemi,LW/C,31,43,0," $925,000.00 ",105,113.513513513514,No,No,,279
Pastrnak,David,RW/LW,34,36,0," $925,000.00 ",104,112.432432432432,No,No,,280
Laine,Patrik,RW,36,28,1," $925,000.00 ",101,109.189189189189,No,No,,281
Ehlers,Nikolaj,LW,25,39,0," $925,000.00 ",89,96.2162162162162,No,No,,282
Nylander,William,C/RW,22,39,1," $925,000.00 ",84,90.8108108108108,No,Yes,,283
Eichel,Jack,C,24,33,0," $925,000.00 ",81,87.5675675675676,No,No,,284
Marner,Mitchell,C/RW,19,42,0," $925,000.00 ",80,86.4864864864865,No,No,,285
Aho,Sebastian,RW/LW,24,25,1," $925,000.00 ",74,80,No,No,,286
Wennberg,Alex,C,13,46,0," $925,000.00 ",72,77.8378378378378,No,No,,287
Reinhart,Sam,C,17,30,0," $925,000.00 ",64,69.1891891891892,No,No,,288
Tkachuk,Matthew,LW,13,35,0," $925,000.00 ",61,65.9459459459459,No,Yes,,289
Rantanen,Mikko,RW,20,18,1," $925,000.00 ",59,63.7837837837838,No,No,,290
Larkin,Dylan,C/LW,17,15,0," $925,000.00 ",49,52.972972972973,No,No,,291
Vesey,Jimmy,LW,16,11,0," $925,000.00 ",43,46.4864864864865,No,No,,292
Ritchie,Nick,LW,14,14,0," $925,000.00 ",42,45.4054054054054,No,No,,293
Fabbri,Robby,C/LW,11,18,1," $925,000.00 ",41,44.3243243243243,No,No,,294
Bennett,Sam,C,13,13,0," $925,000.00 ",39,42.1621621621622,No,No,,295
Konecny,Travis,C/LW,11,17,0," $925,000.00 ",39,42.1621621621622,No,No,,296
Perlini,Brendan,LW,14,7,0," $925,000.00 ",35,37.8378378378378,No,No,,297
Schmaltz,Nick,C/LW,6,22,0," $925,000.00 ",34,36.7567567567568,No,No,,298
Beauvillier,Anthony,C/LW,9,15,0," $925,000.00 ",33,35.6756756756757,No,No,,299
Zacha,Pavel,C,8,16,0," $925,000.00 ",32,34.5945945945946,No,No,,300
Buchnevich,Pavel,RW/LW,8,12,0," $925,000.00 ",28,30.2702702702703,No,No,,301
Fiala,Kevin,LW,11,5,0," $925,000.00 ",27,29.1891891891892,No,No,,302
Copp,Andrew,C,9,8,0," $925,000.00 ",26,28.1081081081081,No,No,,303
Caggiula,Drake,LW/C,7,11,0," $925,000.00 ",25,27.027027027027,No,No,,304
Wood,Miles,LW,8,9,0," $925,000.00 ",25,27.027027027027,No,No,,305
Donskoi,Joonas,RW,6,11,0," $925,000.00 ",23,24.8648648648649,No,No,,306
Crouse,Lawson,LW,5,7,0," $925,000.00 ",17,18.3783783783784,Yes,No,,307
Dano,Marko,C/LW/RW,4,7,0," $925,000.00 ",15,16.2162162162162,No,No,,308
Ho-Sang,Joshua,RW/C,4,6,0," $925,000.00 ",14,15.1351351351351,No,No,,309
Slepyshev,Anton,LW,4,6,0," $925,000.00 ",14,15.1351351351351,No,No,,310
Motte,Tyler,LW/C,4,3,0," $925,000.00 ",11,11.8918918918919,No,No,,311
Eriksson Ek,Joel,C/RW/LW,3,4,0," $925,000.00 ",10,10.8108108108108,No,No,,312
Boeser,Brock,RW,4,1,0," $925,000.00 ",9,9.72972972972973,Yes,No,,313
Meier,Timo,RW,3,3,0," $925,000.00 ",9,9.72972972972973,No,No,,314
Puljujarvi,Jesse,RW,1,7,0," $925,000.00 ",9,9.72972972972973,Yes,No,,315
Vrana,Jakub,LW,3,3,0," $925,000.00 ",9,9.72972972972973,No,No,,316
Compher,J.T.,LW/C,3,2,0," $925,000.00 ",8,8.64864864864865,No,No,,317
Kempe,Adrian,LW/C,2,4,0," $925,000.00 ",8,8.64864864864865,No,No,,318
McCann,Jared,C,1,6,0," $925,000.00 ",8,8.64864864864865,No,No,,319
Connor,Kyle,LW,2,3,0," $925,000.00 ",7,7.56756756756757,No,No,,320
Erne,Adam,LW,3,0,0," $925,000.00 ",6,6.48648648648649,No,No,,321
Goldobin,Nikolay,RW/LW,3,0,0," $925,000.00 ",6,6.48648648648649,No,No,,322
Hayden,John,LW/RW/C,1,3,0," $925,000.00 ",5,5.40540540540541,No,No,,323
Rau,Kyle,C,2,1,0," $925,000.00 ",5,5.40540540540541,No,No,,324
Dickinson,Jason,C,2,0,0," $925,000.00 ",4,4.32432432432432,No,No,,325
Peca,Matthew,C,1,1,0," $925,000.00 ",3,3.24324324324324,No,No,,326
Brodzinski,Jonny,C,0,2,0," $925,000.00 ",2,2.16216216216216,No,No,,327
Kapanen,Kasperi,RW,1,0,0," $925,000.00 ",2,2.16216216216216,No,No,,328
Nylander,Alex,RW/LW,0,1,1," $925,000.00 ",2,2.16216216216216,No,Yes,,329
Scherbak,Nikita,RW,1,0,0," $925,000.00 ",2,2.16216216216216,No,No,,330
Fasching,Hudson,RW,0,1,0," $925,000.00 ",1,1.08108108108108,No,No,,331
Grimaldi,Rocco,C,0,1,0," $925,000.00 ",1,1.08108108108108,No,No,,332
Sorensen,Nick,RW,0,1,0," $925,000.00 ",1,1.08108108108108,No,No,,333
Strome,Dylan,C,0,1,0," $925,000.00 ",1,1.08108108108108,No,No,,334
Virtanen,Jake,RW,0,1,0," $925,000.00 ",1,1.08108108108108,No,No,,335
Barzal,Mathew,C,0,0,0," $925,000.00 ",0,0,No,No,,336
De la Rose,Jacob,LW,0,0,0," $925,000.00 ",0,0,No,No,,337
Jankowski,Mark,C,0,0,0," $925,000.00 ",0,0,No,No,,338
Kerdiles,Nicolas,LW,0,0,0," $925,000.00 ",0,0,Yes,Yes,,339
Kossila,Kalle,LW/C,0,0,0," $925,000.00 ",0,0,No,No,,340
Malone,Sean,C,0,0,0," $925,000.00 ",0,0,No,Yes,,341
Milano,Sonny,LW,0,0,0," $925,000.00 ",0,0,Yes,No,,342
Molino,Griffen,C,0,0,0," $925,000.00 ",0,0,No,No,,343
Svechnikov,Evgeny,RW/LW,0,0,0," $925,000.00 ",0,0,No,No,,344
Tuch,Alex,RW,0,0,0," $925,000.00 ",0,0,No,No,,345
Vecchione,Mike,C/RW,0,0,0," $925,000.00 ",0,0,No,No,,346
White,Colin,C/D,0,0,0," $925,000.00 ",0,0,No,Yes,,347
Ferland,Micheal,LW/RW,15,10,0," $900,000.00 ",40,44.4444444444444,No,No,,348
Hyman,Zach,C/RW/LW,10,18,0," $900,000.00 ",38,42.2222222222222,No,No,,349
Moore,Dominic,C/LW,11,14,0," $900,000.00 ",36,40,No,No,,350
Upshall,Scottie,RW/LW,10,8,0," $900,000.00 ",28,31.1111111111111,No,No,,351
Nash,Riley,C/RW,7,10,0," $900,000.00 ",24,26.6666666666667,No,No,,352
Kelly,Chris,C/LW,5,7,0," $900,000.00 ",17,18.8888888888889,No,No,,353
Puempel,Matt,LW,6,3,1," $900,000.00 ",16,17.7777777777778,No,No,,354
Boll,Jared,RW,0,3,0," $900,000.00 ",3,3.33333333333333,No,No,,355
Jost,Tyson,C/LW/RW,1,0,0," $900,000.00 ",2,2.22222222222222,No,Yes,,356
Keller,Clayton,C/LW,0,2,0," $900,000.00 ",2,2.22222222222222,No,No,,357
Forsbacka Karlsson,Jakob,C,0,0,0," $900,000.00 ",0,0,No,No,,358
Acciari,Noel,C,2,3,0," $892,500.00 ",7,7.84313725490196,No,No,,359
Panik,Richard,RW/LW,22,22,1," $875,000.00 ",67,76.5714285714286,No,No,,360
Danault,Phillip,LW/C,13,27,0," $875,000.00 ",53,60.5714285714286,No,No,,361
Ritchie,Brett,RW,16,8,0," $875,000.00 ",40,45.7142857142857,No,No,,362
Armia,Joel,RW,10,9,0," $875,000.00 ",29,33.1428571428571,No,No,,363
Sanford,Zach,LW,4,4,0," $875,000.00 ",12,13.7142857142857,No,Yes,,364
Tanev,Brandon,LW/C/RW,2,2,0," $874,125.00 ",6,6.86400686400686,No,No,,365
Gaudet,Tyler,C,0,1,0," $874,125.00 ",1,1.14400114400114,No,No,,366
Bailey,Casey,RW/C,0,0,0," $874,125.00 ",0,0,No,No,,367
Shore,Devin,C,13,20,0," $867,500.00 ",46,53.0259365994236,No,No,,368
Di Giuseppe,Phillip,LW,1,6,0," $867,500.00 ",8,9.22190201729107,No,No,,369
Granlund,Markus,C,19,13,1," $850,000.00 ",52,61.1764705882353,No,No,,370
Connolly,Brett,RW/LW,15,8,0," $850,000.00 ",38,44.7058823529412,No,No,,371
Czarnik,Austin,C,5,8,0," $842,500.00 ",18,21.3649851632047,No,No,,372
Lappin,Nick,RW,4,3,0," $842,500.00 ",11,13.0563798219585,No,No,,373
Rodrigues,Evan,LW/C,4,2,0," $842,500.00 ",10,11.8694362017804,No,No,,374
Quenneville,John,C,1,3,0," $842,500.00 ",5,5.93471810089021,No,No,,375
Aberg,Pontus,LW,1,1,0," $842,500.00 ",3,3.56083086053412,No,No,,376
Stephenson,Chandler,C,0,0,0," $842,500.00 ",0,0,No,No,,377
Cousins,Nick,C/LW,6,10,0," $840,000.00 ",22,26.1904761904762,No,No,,378
Drouin,Jonathan,LW,21,32,0," $832,500.00 ",74,88.8888888888889,No,No,,379
Horvat,Bo,C,20,32,0," $832,500.00 ",72,86.4864864864865,No,No,,380
Teravainen,Teuvo,LW/C/RW,15,27,0," $832,500.00 ",57,68.4684684684685,No,No,,381
Mantha,Anthony,RW,17,19,0," $832,500.00 ",53,63.6636636636637,No,No,,382
Hartman,Ryan,LW/RW,19,12,1," $832,500.00 ",51,61.2612612612613,No,No,,383
Burakovsky,Andre,LW/C,12,23,0," $832,500.00 ",47,56.4564564564565,No,No,,384
Domi,Max,LW/C,9,29,0," $832,500.00 ",47,56.4564564564565,No,No,,385
Faksa,Radek,C,12,21,0," $832,500.00 ",45,54.0540540540541,Yes,No,,386
Duclair,Anthony,LW/RW,5,10,0," $832,500.00 ",20,24.024024024024,No,No,,387
McCarron,Michael,RW/C,1,4,0," $832,500.00 ",6,7.20720720720721,No,No,,388
Gaunce,Brendan,C/LW,0,5,0," $832,500.00 ",5,6.00600600600601,No,Yes,,389
Gauthier,Frederik,C,2,1,0," $832,500.00 ",5,6.00600600600601,No,No,,390
Lazar,Curtis,C/RW,1,3,0," $832,500.00 ",5,6.00600600600601,No,No,,391
Khaira,Jujhar,LW,1,0,0," $832,500.00 ",2,2.4024024024024,No,No,,392
Shinkaruk,Hunter,C/LW,0,1,0," $832,500.00 ",1,1.2012012012012,No,No,,393
Laughton,Scott,C/LW,0,0,0," $832,500.00 ",0,0,No,No,,394
Fischer,Christian,RW,3,0,0," $817,500.00 ",6,7.3394495412844,No,No,,395
Pulkkinen,Teemu,LW,2,0,0," $812,500.00 ",4,4.92307692307692,No,No,,396
Chiasson,Alex,RW,12,12,0," $800,000.00 ",36,45,No,No,,397
Pyatt,Tom,LW/C,9,14,0," $800,000.00 ",32,40,No,No,,398
McGinn,Brock,LW,7,9,0," $800,000.00 ",23,28.75,No,No,,399
Prince,Shane,LW/C,5,13,0," $800,000.00 ",23,28.75,No,No,,400
Paquette,Cedric,C/LW,4,6,0," $800,000.00 ",14,17.5,No,No,,401
Ott,Steve,C/LW,3,4,0," $800,000.00 ",10,12.5,Yes,No,,402
Kalinin,Sergey,C/RW,2,2,0," $800,000.00 ",6,7.5,No,No,,403
Desjardins,Andrew,LW/C,0,1,0," $800,000.00 ",1,1.25,No,No,,404
Bourque,Gabriel,LW/RW,0,0,0," $800,000.00 ",0,0,No,No,,405
Kearns,Bracken,C,0,0,0," $800,000.00 ",0,0,No,No,,406
Dvorak,Christian,C/LW,15,18,0," $792,500.00 ",48,60.5678233438486,No,No,,407
Vatrano,Frank,C/LW,10,8,0," $792,500.00 ",28,35.3312302839117,No,No,,408
Auvitu,Yohann,D/LW,2,2,0," $792,500.00 ",6,7.57097791798107,No,No,,409
Blidh,Anton,LW,1,1,0," $792,500.00 ",3,3.78548895899054,No,No,,410
O'Regan,Daniel,C/LW,1,0,0," $792,500.00 ",2,2.52365930599369,No,No,,411
Poturalski,Andrew,C,0,0,0," $792,500.00 ",0,0,No,No,,412
Sundqvist,Oskar,C,0,0,0," $792,500.00 ",0,0,No,No,,413
Deslauriers,Nicolas,LW,0,2,0," $775,000.00 ",2,2.58064516129032,No,No,,414
Etem,Emerson,LW/RW,0,0,0," $775,000.00 ",0,0,No,No,,415
Leier,Taylor,LW,1,1,0," $768,150.00 ",3,3.90548720952939,No,No,,416
Elie,Remi,LW,1,6,0," $767,500.00 ",8,10.4234527687296,Yes,No,,417
Dauphin,Laurent,C,2,1,0," $767,500.00 ",5,6.51465798045603,No,No,,418
Heinen,Danton,C,0,0,0," $767,500.00 ",0,0,No,No,,419
Marchessault,Jonathan,C,30,21,1," $750,000.00 ",82,109.333333333333,No,No,,420
Dzingel,Ryan,LW/RW/C,14,18,0," $750,000.00 ",46,61.3333333333333,No,Yes,,421
Petan,Nic,LW/C,1,12,0," $750,000.00 ",14,18.6666666666667,No,No,,422
Tootoo,Jordin,RW,2,1,0," $750,000.00 ",5,6.66666666666667,No,No,,423
Robinson,Buddy,RW,0,0,0," $750,000.00 ",0,0,No,No,,424
Barbashev,Ivan,C,5,7,0," $742,500.00 ",17,22.8956228956229,No,No,,425
Soshnikov,Nikita,RW,5,4,0," $742,500.00 ",14,18.8552188552189,No,No,,426
Hannikainen,Markus,LW,1,1,0," $742,500.00 ",3,4.04040404040404,No,No,,427
Bertschy,Christoph,C,0,1,0," $742,500.00 ",1,1.34680134680135,No,No,,428
Kamenev,Vladislav,LW/C,0,0,0," $742,500.00 ",0,0,No,No,,429
Nieves,Cristoval,C/LW,0,0,0," $742,500.00 ",0,0,No,No,,430
Baptiste,Nicholas,RW,3,1,0," $740,000.00 ",7,9.45945945945946,No,No,,431
Nieto,Matt,LW/RW,7,6,0," $735,000.00 ",20,27.2108843537415,No,No,,432
Zykov,Valentin,LW,1,0,0," $727,500.00 ",2,2.74914089347079,No,No,,433
Bennett,Beau,RW/LW,8,11,0," $725,000.00 ",27,37.2413793103448,No,No,,434
VandeVelde,Chris,C/LW,6,9,0," $725,000.00 ",21,28.9655172413793,Yes,No,,435
Pitlick,Tyler,RW/C,8,3,0," $725,000.00 ",19,26.2068965517241,Yes,No,,436
Bellemare,Pierre-Edouard,LW/C,4,4,0," $725,000.00 ",12,16.551724137931,No,No,,437
Carr,Daniel,LW,2,7,0," $725,000.00 ",11,15.1724137931034,No,No,,438
Pakarinen,Iiro,RW,2,2,0," $725,000.00 ",6,8.27586206896552,No,No,,439
Gabriel,Kurtis,RW,0,1,0," $725,000.00 ",1,1.37931034482759,No,No,,440
Greer,A.J.,LW,0,1,0," $725,000.00 ",1,1.37931034482759,No,No,,441
Blunden,Mike,RW,0,0,0," $725,000.00 ",0,0,No,No,,442
Cramarossa,Joseph,C/LW,4,6,0," $724,500.00 ",14,19.3236714975845,No,No,,443
Hathaway,Garnet,RW,1,4,0," $722,500.00 ",6,8.30449826989619,No,No,,444
Boucher,Reid,C/LW,6,4,0," $715,000.00 ",16,22.3776223776224,No,No,,445
Blandisi,Joseph,LW/C,3,6,0," $715,000.00 ",12,16.7832167832168,No,No,,446
Anderson,Josh,RW,17,12,0," $700,000.00 ",46,65.7142857142857,No,No,,447
Tierney,Chris,C,11,12,0," $700,000.00 ",34,48.5714285714286,No,No,,448
Lindberg,Oscar,C,8,12,0," $700,000.00 ",28,40,No,No,,449
McKenzie,Curtis,LW,6,10,0," $700,000.00 ",22,31.4285714285714,No,No,,450
Paajarvi,Magnus,LW,8,5,0," $700,000.00 ",21,30,No,No,,451
Skille,Jack,RW,5,4,0," $700,000.00 ",14,20,No,No,,452
McKegg,Greg,C,3,4,0," $700,000.00 ",10,14.2857142857143,No,No,,453
O'Reilly,Cal,C,0,1,0," $700,000.00 ",1,1.42857142857143,No,No,,454
Gazdic,Luke,LW,0,0,0," $700,000.00 ",0,0,No,No,,455
Varone,Phil,C,0,0,0," $700,000.00 ",0,0,No,No,,456
Vey,Linden,RW/C,0,0,0," $700,000.00 ",0,0,No,No,,457
Bailey,Justin,RW,2,2,0," $692,500.00 ",6,8.66425992779783,No,No,,458
Coleman,Blake,C/LW,1,1,0," $692,500.00 ",3,4.33212996389892,No,No,,459
Cehlarik,Peter,LW/RW,0,2,0," $692,500.00 ",2,2.88808664259928,No,Yes,,460
Kuraly,Sean,C,0,1,0," $692,500.00 ",1,1.44404332129964,No,No,,461
Paul,Nick,LW/C,0,0,0," $692,500.00 ",0,0,No,No,,462
Labate,Joseph,C,0,0,0," $680,000.00 ",0,0,No,No,,463
Glendening,Luke,C/RW/LW,3,11,0," $675,000.00 ",17,25.1851851851852,No,No,,464
Smith,Ben,RW/C,2,2,0," $675,000.00 ",6,8.88888888888889,No,No,,465
Wallmark,Lucas,C,0,2,0," $675,000.00 ",2,2.96296296296296,No,No,,466
Pietila,Blake,LW/C,0,1,0," $675,000.00 ",1,1.48148148148148,No,No,,467
Smith,Gemel,C,3,3,0," $670,000.00 ",9,13.4328358208955,No,No,,468
Sheary,Conor,LW,23,30,0," $667,500.00 ",76,113.857677902622,No,No,,469
Point,Brayden,C,18,22,0," $667,500.00 ",58,86.8913857677903,No,No,,470
Guentzel,Jake,C/LW,16,17,1," $667,500.00 ",50,74.9063670411985,No,No,,471
Lehkonen,Artturi,LW,18,10,0," $667,500.00 ",46,68.9138576779026,Yes,No,,472
Labanc,Kevin,RW,8,12,0," $667,500.00 ",28,41.9475655430712,Yes,No,,473
Kero,Tanner,C/RW,6,10,0," $667,500.00 ",22,32.9588014981273,No,No,,474
Hinostroza,Vinnie,LW/C,6,8,0," $667,500.00 ",20,29.9625468164794,No,No,,475
Archibald,Josh,RW,3,0,0," $667,500.00 ",6,8.98876404494382,No,No,,476
Simon,Dominik,C,0,1,0," $667,500.00 ",1,1.49812734082397,No,No,,477
Barber,Riley,RW,0,0,0," $667,500.00 ",0,0,No,No,,478
Bertuzzi,Tyler,LW,0,0,0," $667,500.00 ",0,0,No,No,,479
Speers,Blake,C,0,0,0," $667,500.00 ",0,0,Yes,No,,480
Shaw,Logan,C/RW,3,7,0," $660,000.00 ",13,19.6969696969697,No,Yes,,481
Gagner,Sam,C/RW,18,32,0," $650,000.00 ",68,104.615384615385,No,No,,482
Brown,Connor,RW,20,16,0," $650,000.00 ",56,86.1538461538462,No,No,,483
Andrighetto,Sven,RW,7,17,0," $650,000.00 ",31,47.6923076923077,Yes,No,,484
Bourque,Rene,RW/LW,12,6,0," $650,000.00 ",30,46.1538461538462,No,No,,485
Weal,Jordan,C/LW,8,4,0," $650,000.00 ",20,30.7692307692308,No,No,,486
Schroeder,Jordan,C/RW,6,7,0," $650,000.00 ",19,29.2307692307692,No,No,,487
Carrier,William,LW,5,3,0," $650,000.00 ",13,20,No,No,,488
Harper,Shane,RW,2,1,0," $650,000.00 ",5,7.69230769230769,No,No,,489
Grant,Derek,C,0,4,0," $650,000.00 ",4,6.15384615384615,No,No,,490
Rattie,Ty,RW,0,2,0," $650,000.00 ",2,3.07692307692308,No,No,,491
Beck,Taylor,LW,0,0,0," $650,000.00 ",0,0,No,No,,492
Brown,Patrick,C,0,0,0," $650,000.00 ",0,0,No,No,,493
Frk,Martin,RW,0,0,0," $650,000.00 ",0,0,No,No,,494
Howden,Quinton,C/LW/C,0,0,0," $650,000.00 ",0,0,No,No,,495
McCormick,Max,RW/LW/C,0,0,0," $650,000.00 ",0,0,No,No,,496
Kase,Ondrej,RW,5,10,0," $645,000.00 ",20,31.0077519379845,No,No,,497
Arvidsson,Viktor,LW/RW,31,30,1," $640,000.00 ",93,145.3125,No,No,,498
Malgin,Denis,C,6,4,0," $640,000.00 ",16,25,No,No,,499
Martinsen,Andreas,LW/C,3,4,0," $640,000.00 ",10,15.625,No,No,,500
Mitchell,Zack,RW,0,0,0," $640,000.00 ",0,0,No,No,,501
Goodrow,Barclay,RW/C,0,1,0," $635,000.00 ",1,1.5748031496063,No,No,,502
Thomson,Ben,LW,0,0,0," $635,000.00 ",0,0,No,No,,503
Zalewski,Michael,LW/C,0,0,0," $632,500.00 ",0,0,No,No,,504
Dowd,Nic,C,6,16,0," $630,000.00 ",28,44.4444444444444,No,No,,505
O'Brien,Liam,C/LW,0,0,0," $630,000.00 ",0,0,No,No,,506
Martinook,Jordan,LW/C,11,14,0," $625,000.00 ",36,57.6,No,No,,507
Haley,Micheal,C,2,10,0," $625,000.00 ",14,22.4,No,No,,508
Wagner,Chris,C/RW,6,1,0," $625,000.00 ",13,20.8,No,No,,509
Griffith,Seth,C/RW,0,5,0," $625,000.00 ",5,8,No,No,,510
Agostino,Kenny,LW,1,2,0," $625,000.00 ",4,6.4,No,No,,511
Dowling,Justin,C,0,2,0," $625,000.00 ",2,3.2,No,No,,512
McDonald,Colin,RW/C,1,0,0," $625,000.00 ",2,3.2,No,No,,513
Rooney,Kevin,C,0,0,0," $625,000.00 ",0,0,No,No,,514
Rust,Bryan,RW,15,13,1," $620,000.00 ",44,70.9677419354839,No,No,,515
Ryan,Derek,C,11,18,0," $600,000.00 ",40,66.6666666666667,No,No,,516
Cracknell,Adam,RW/C,10,6,1," $600,000.00 ",27,45,No,No,,517
Shore,Nick,C,6,11,0," $600,000.00 ",23,38.3333333333333,No,No,,518
Schaller,Tim,C,7,7,0," $600,000.00 ",21,35,No,No,,519
Sedlak,Lukas,C/LW,7,6,0," $600,000.00 ",20,33.3333333333333,No,No,,520
Bjorkstrand,Oliver,RW,6,7,0," $600,000.00 ",19,31.6666666666667,No,No,,521
Noesen,Stefan,RW,8,2,0," $600,000.00 ",18,30,No,No,,522
Graovac,Tyler,C,7,2,0," $600,000.00 ",16,26.6666666666667,No,No,,523
Jooris,Josh,RW/C,4,8,0," $600,000.00 ",16,26.6666666666667,No,No,,524
Chaput,Michael,C,4,5,0," $600,000.00 ",13,21.6666666666667,No,No,,525
Megna,Jayson,C,4,4,0," $600,000.00 ",12,20,No,No,,526
Sgarbossa,Michael,C,2,7,0," $600,000.00 ",11,18.3333333333333,No,No,,527
Carpenter,Ryan,C,2,2,0," $600,000.00 ",6,10,No,No,,528
Terry,Chris,LW/RW,2,2,0," $600,000.00 ",6,10,No,No,,529
Dalpe,Zac,C,1,2,0," $600,000.00 ",4,6.66666666666667,No,No,,530
Andreoff,Andy,LW/C,0,2,0," $600,000.00 ",2,3.33333333333333,No,No,,531
Hrivik,Marek,LW/C/RW,0,2,0," $600,000.00 ",2,3.33333333333333,No,No,,532
Shore,Drew,C,0,2,0," $600,000.00 ",2,3.33333333333333,No,No,,533
Schneider,Cole,LW/RW,0,1,0," $600,000.00 ",1,1.66666666666667,No,No,,534
Street,Ben,C,0,1,0," $600,000.00 ",1,1.66666666666667,No,No,,535
Callahan,Mitch,RW,0,0,0," $600,000.00 ",0,0,No,No,,536
Cannone,Patrick,C,0,0,0," $600,000.00 ",0,0,No,No,,537
Grenier,Alex,RW,0,0,0," $600,000.00 ",0,0,No,No,,538
Jensen,Nicklas,RW/LW,0,0,0," $600,000.00 ",0,0,No,No,,539
McNeill,Mark,C/RW,0,0,0," $600,000.00 ",0,0,No,No,,540
Mitchell,Garrett,RW,0,0,0," $600,000.00 ",0,0,No,No,,541
Tropp,Corey,RW/LW,0,0,0," $600,000.00 ",0,0,No,No,,542
Tynan,T.J.,C/RW,0,0,0," $600,000.00 ",0,0,No,No,,543
Gaudreau,Frederick,C,0,1,0," $595,000.00 ",1,1.68067226890756,No,No,,544
Wilson,Scott,LW/C,8,18,0," $590,000.00 ",34,57.6271186440678,No,No,,545
Kuhnhackl,Tom,RW,4,12,0," $590,000.00 ",20,33.8983050847458,No,No,,546
Henley,Samuel,C/RW,1,0,0," $590,000.00 ",2,3.38983050847458,No,No,,547
Athanasiou,Andreas,C,18,11,0," $575,000.00 ",47,81.7391304347826,No,No,,548
Quine,Alan,C,5,13,0," $575,000.00 ",23,40,No,Yes,,549
Watson,Austin,LW,5,12,0," $575,000.00 ",22,38.2608695652174,No,No,,550
Sissons,Colton,C,8,2,1," $575,000.00 ",19,33.0434782608696,No,No,,551
Setoguchi,Devin,RW,4,8,0," $575,000.00 ",16,27.8260869565217,No,No,,552
Gourde,Yanni,C,6,2,0," $575,000.00 ",14,24.3478260869565,No,No,,553
Leivo,Josh,LW,2,8,0," $575,000.00 ",12,20.8695652173913,No,No,,554
Rasmussen,Dennis,C,4,4,0," $575,000.00 ",12,20.8695652173913,No,No,,555
Rowney,Carter,RW/C,3,4,0," $575,000.00 ",10,17.3913043478261,Yes,No,,556
Gionta,Stephen,RW/C,1,5,0," $575,000.00 ",7,12.1739130434783,No,No,,557
Dumont,Gabriel,C,2,2,0," $575,000.00 ",6,10.4347826086957,No,No,,558
Zolnierczyk,Harry,LW,2,2,0," $575,000.00 ",6,10.4347826086957,No,No,,559
Bournival,Michael,LW,2,1,0," $575,000.00 ",5,8.69565217391305,No,No,,560
Conacher,Cory,C/LW,1,3,0," $575,000.00 ",5,8.69565217391305,Yes,No,,561
Hamilton,Freddie,C,2,0,0," $575,000.00 ",4,6.95652173913044,Yes,No,,562
Thompson,Paul,RW,0,3,0," $575,000.00 ",3,5.21739130434783,No,No,,563
Vermin,Joel,RW,0,3,0," $575,000.00 ",3,5.21739130434783,No,No,,564
Hudon,Charles,LW,0,2,0," $575,000.00 ",2,3.47826086956522,No,No,,565
Nosek,Tomas,LW/C,1,0,0," $575,000.00 ",2,3.47826086956522,No,No,,566
Sestito,Tom,LW,0,2,0," $575,000.00 ",2,3.47826086956522,No,No,,567
Tolchinsky,Sergey,LW,0,1,0," $575,000.00 ",1,1.73913043478261,No,No,,568
Abbott,Spencer,LW,0,0,0," $575,000.00 ",0,0,No,No,,569
Bass,Cody,C,0,0,0," $575,000.00 ",0,0,No,No,,570
Carey,Paul,C,0,0,0," $575,000.00 ",0,0,No,No,,571
Dea,Jean-Sebastien,C,0,0,0," $575,000.00 ",0,0,No,No,,572
Didomenico,Chris,C/RW,0,0,0," $575,000.00 ",0,0,No,No,,573
Farnham,Bobby,RW,0,0,0," $575,000.00 ",0,0,No,No,,574
Froese,Byron,C,0,0,0," $575,000.00 ",0,0,No,No,,575
Jones,Connor,C/LW,0,0,0," $575,000.00 ",0,0,No,No,,576
Liambas,Mike,LW,0,0,0," $575,000.00 ",0,0,No,No,,577
Porter,Kevin,C,0,0,0," $575,000.00 ",0,0,No,No,,578
Rendulic,Borna,RW/C,0,0,0," $575,000.00 ",0,0,No,No,,579
Richard,Tanner,C,0,0,0," $575,000.00 ",0,0,No,No,,580
Salomaki,Miikka,RW,0,0,0," $575,000.00 ",0,0,No,No,,581
Smith,Trevor,C/RW,0,0,0," $575,000.00 ",0,0,No,No,,582
Bickell,Bryan,LW,1,0,0,,2,0,No,No,,583
Gurianov,Denis,RW,0,0,0,,0,0,No,No,,584
Lorito,Matt,LW/RW,0,1,0,,1,0,No,No,,585
Lyubimov,Roman,LW,4,2,0,,10,0,No,No,,586
Megan,Wade,C,1,0,0,,2,0,No,No,,587
Raymond,Mason,LW,0,0,0,,0,0,No,No,,588
Roslovic,Jack,C,0,0,0,,0,0,No,No,,589
Smith,C.J.,LW/RW,0,1,0,,1,0,No,No,,590
Sorensen,Marcus,RW/LW,1,3,0,,5,0,Yes,No,,591
Thornton,Shawn,LW,2,2,0,,6,0,No,No,,592
